{
  "class_names": [
    "damaged",
    "intact"
  ],
  "head_training": {
    "accuracy": [
      0.6000000238418579,
      0.4000000059604645
    ],
    "auc": [
      0.6666666269302368,
      0.5833333134651184
    ],
    "loss": [
      0.6292926073074341,
      0.6931807398796082
    ],
    "precision": [
      0.5,
      0.0
    ],
    "recall": [
      0.5,
      0.0
    ],
    "val_accuracy": [
      1.0,
      1.0
    ],
    "val_auc": [
      0.0,
      0.0
    ],
    "val_loss": [
      0.6096510887145996,
      0.6141414046287537
    ],
    "val_precision": [
      1.0,
      1.0
    ],
    "val_recall": [
      1.0,
      1.0
    ],
    "learning_rate": [
      0.0003000000142492354,
      0.0003000000142492354
    ]
  },
  "fine_tuning": {
    "accuracy": [
      0.20000000298023224,
      0.4000000059604645
    ],
    "auc": [
      0.3333333134651184,
      0.5833333134651184
    ],
    "loss": [
      0.7929064035415649,
      0.6629229784011841
    ],
    "precision": [
      0.0,
      0.3333333432674408
    ],
    "recall": [
      0.0,
      0.5
    ],
    "val_accuracy": [
      1.0,
      1.0
    ],
    "val_auc": [
      0.0,
      0.0
    ],
    "val_loss": [
      0.608597457408905,
      0.6086083054542542
    ],
    "val_precision": [
      1.0,
      1.0
    ],
    "val_recall": [
      1.0,
      1.0
    ],
    "learning_rate": [
      9.999999747378752e-06,
      9.999999747378752e-06
    ]
  }
}